Vaccination strategy	Total infections	Total deaths	Infection reduction(%)	Deaths reduction(%)	G1-vaccinated	G2-vaccinated	Total vaccinated	Vaccination coverage (%)
No vaccination	48903454.760376	920523.068265	0.000000	0.000000	0.000000	0.000000	0.000000	0.000000
G1 priority	38097225.206082	715950.453177	22.097068	22.223519	10023012.152315	583492.644648	10606504.796963	22.398467
