Vaccination strategy	Total infections	Total deaths	Infection reduction(%)	Deaths reduction(%)	G1-vaccinated	G2-vaccinated	Total vaccinated	Vaccination coverage (%)
No vaccination	48903454.760376	920523.068265	0.000000	0.000000	0.000000	0.000000	0.000000	0.000000
G1 priority	24090565.743817	450860.419392	50.738520	51.021280	22388258.277384	1295824.671044	23684082.948428	50.015266
G2 priority	27557129.622959	363349.380724	43.649933	60.527944	18675850.311783	1998652.774261	20674503.086044	43.659734
Simultaneous	27017166.749283	476292.511687	44.754073	48.258493	19780376.328333	1269196.519670	21049572.848003	44.451794
