Vaccination strategy	Total infections	Total deaths	Infection reduction(%)	Deaths reduction(%)	G1-vaccinated	G2-vaccinated	Total vaccinated	Vaccination coverage (%)
No vaccination	48903454.760376	920523.068265	0.000000	0.000000	0.000000	0.000000	0.000000	0.000000
G2 priority	27557129.622959	363349.380724	43.649933	60.527944	18675850.311783	1998652.774261	20674503.086044	43.659734
