Vaccination strategy	Total infections	Total deaths	Infection reduction(%)	Deaths reduction(%)	G1-vaccinated	G2-vaccinated	Total vaccinated	Vaccination coverage (%)
No vaccination	61533296.548308	5510534.683346	0.000000	0.000000	0.000000	0.000000	0.000000	0.000000
G1 priority	56319205.400639	5410048.573575	8.473609	1.823527	4903008.358199	275410.329932	5178418.688131	8.731299
G2 priority	56669020.806442	4567944.538099	7.905112	17.105239	0.000000	4884340.614649	4884340.614649	8.235455
Simultaneous	56773997.844561	5033599.215252	7.734510	8.654976	2405200.002353	2353207.765586	4758407.767939	8.023121
